{
    "time_g1": [
        8.194214582443237,
        8.376779317855835,
        -92587902.10903499,
        8.368480924801041,
        0.06924245405570172
    ],
    "time_g2": [
        0.4530850052833557,
        0.8779298663139343,
        3.171777572498077,
        0.49847786542420247,
        0.17019821891246467
    ],
    "time_g3": [
        0.2926163554191589,
        0.8982231736183166,
        -0.4118745258336151,
        0.6671249395502739,
        0.15995348629451112
    ],
    "time_g4": [
        0.3614668607711792,
        0.8240895509719849,
        5.4588852036237,
        0.43451323696913413,
        0.1877625082702254
    ],
    "time_g5": [
        0.4033892869949341,
        0.9415618658065796,
        32693117.795900986,
        0.4278516452921275,
        0.20782561417806888
    ],
    "time_g6": [
        0.3529290914535522,
        0.8331809282302857,
        -21941421.06760601,
        0.8113513518728439,
        0.24387527123287123
    ],
    "time_g7": [
        0.29387043714523314,
        0.9528052926063538,
        0.8331183925387982,
        0.46399585610389166,
        0.16463478811923013
    ],
    "time_g8": [
        0.29674017429351807,
        0.8362387418746948,
        0.4757215825782738,
        0.524372071013062,
        0.11851030088076607
    ],
    "time_g9": [
        0.3549171805381775,
        0.780274498462677,
        -2.8459010663936297,
        0.676995451693027,
        0.17848316097746564
    ],
    "time_a1": [
        0.5153403997421264,
        1.2227496385574341,
        79420449.25241727,
        0.547495342003216,
        0.3640185619042151
    ],
    "time_a2": [
        0.4537083745002747,
        1.2913427710533143,
        103514087.30574965,
        0.49178264754212697,
        0.33509937205400064
    ],
    "time_a3": [
        0.24988702535629273,
        1.0677034497261046,
        -38168950.408508725,
        1.0305300281063616,
        0.4142845786867743
    ],
    "time_a4": [
        0.360551130771637,
        0.950295913219452,
        -8915491.86963984,
        0.9234894804173271,
        0.28525726776556837
    ],
    "time_a5": [
        0.8900452136993409,
        2.4048447132110597,
        13345010.598198269,
        0.9588994771666224,
        0.69354107256892
    ],
    "time_a6": [
        0.6459607601165771,
        1.93288950920105,
        -0.10478622776077745,
        1.3462339128379202,
        0.3786058338875704
    ],
    "time_a7": [
        1.5761532664299012,
        3.9843547463417055,
        61219313.86673112,
        1.685616859453626,
        1.3199060090363712
    ],
    "task_time": [
        52.33224118947983,
        97.70591651201248,
        36818155.454248495,
        54.39467734801545,
        25.167747763752686
    ],
    "token_g1": {
        "prompt_tokens": [
            1574.45,
            1575.55,
            0,
            1575.0,
            0.0
        ],
        "completion_tokens": [
            451.45,
            452.55,
            0,
            452.0,
            0.0
        ],
        "total_tokens": [
            2026.45,
            2027.55,
            0,
            2027.0,
            0.0
        ]
    },
    "token_g2": {
        "prompt_tokens": [
            1309.45,
            1310.55,
            0,
            1310.0,
            0.0
        ],
        "completion_tokens": [
            11.950000000000001,
            35.05,
            13734383.066164736,
            12.99999618358784,
            10.16338703841069
        ],
        "total_tokens": [
            1321.95,
            1345.05,
            9991519.783747166,
            1322.9999946899861,
            10.164536211376376
        ]
    },
    "token_g3": {
        "prompt_tokens": [
            1309.45,
            1310.55,
            0,
            1310.0,
            0.0
        ],
        "completion_tokens": [
            2.5,
            35.5,
            -0.4754822391004757,
            23.739917171219382,
            9.104366213845953
        ],
        "total_tokens": [
            1312.5,
            1345.5,
            -0.4754906959454317,
            1333.7399769796157,
            9.104386733956673
        ]
    },
    "token_g4": {
        "prompt_tokens": [
            1309.45,
            1310.55,
            0,
            1310.0,
            0.0
        ],
        "completion_tokens": [
            5.799999999999999,
            32.199999999999996,
            5.111226532344864,
            10.180754456625062,
            10.631585703757299
        ],
        "total_tokens": [
            1315.8,
            1342.2,
            5.111166314137958,
            1320.1807635344007,
            10.631571574396261
        ]
    },
    "token_g5": {
        "prompt_tokens": [
            1309.45,
            1310.55,
            0,
            1310.0,
            0.0
        ],
        "completion_tokens": [
            8.65,
            38.35,
            10176156.034947604,
            9.999993974636045,
            11.54107607024946
        ],
        "total_tokens": [
            1318.65,
            1348.3500000000001,
            15520532.694246009,
            1319.9999960054074,
            11.541189223734229
        ]
    },
    "token_g6": {
        "prompt_tokens": [
            1309.45,
            1310.55,
            0,
            1310.0,
            0.0
        ],
        "completion_tokens": [
            5.799999999999999,
            32.199999999999996,
            -23393078.188077264,
            31.00000288766779,
            13.403988717069666
        ],
        "total_tokens": [
            1315.8,
            1342.2,
            -25424293.172387294,
            1341.000002656232,
            13.40237207397766
        ]
    },
    "token_g7": {
        "prompt_tokens": [
            1309.45,
            1310.55,
            0,
            1310.0,
            0.0
        ],
        "completion_tokens": [
            2.8,
            29.199999999999996,
            -6.242267752062254,
            26.59753728341577,
            12.639549034633763
        ],
        "total_tokens": [
            1312.8,
            1339.2,
            -6.24223246920244,
            1336.597511353916,
            12.639532257351423
        ]
    },
    "token_g8": {
        "prompt_tokens": [
            1309.45,
            1310.55,
            0,
            1310.0,
            0.0
        ],
        "completion_tokens": [
            2.6499999999999995,
            32.349999999999994,
            -0.37065875918200475,
            19.421426825998296,
            6.496211354905206
        ],
        "total_tokens": [
            1312.65,
            1342.3500000000001,
            -0.3706686324554026,
            1329.4214718269636,
            6.496220904488009
        ]
    },
    "token_g9": {
        "prompt_tokens": [
            1309.45,
            1310.55,
            0,
            1310.0,
            0.0
        ],
        "completion_tokens": [
            5.950000000000001,
            29.050000000000004,
            -3.274616304938874,
            24.08709659076298,
            10.240122332770621
        ],
        "total_tokens": [
            1315.95,
            1339.05,
            -3.2746223671637398,
            1334.0871077839556,
            10.240116994953162
        ]
    },
    "token_a1": {
        "prompt_tokens": [
            105.2,
            144.79999999999998,
            51732501.64386141,
            106.99999773080586,
            20.784263825966363
        ],
        "completion_tokens": [
            26.2,
            65.8,
            16540027.731454194,
            27.999993731287347,
            20.785132205300727
        ],
        "total_tokens": [
            131.4,
            210.6,
            8094833.522805981,
            134.99997553850176,
            41.56747012204218
        ]
    },