{
    "vit": {
        "reduce": [
            6.92,
            6.37413511517156,
            5.779738571496787,
            4.7560748357406535,
            3.6545299859784586,
            3.46,
            3.46,
            3.2996228435506514,
            1.4348703115595423
        ],
        "cache_duration": [
            8.350833429156912,
            6.722381666654061,
            5.865315751617467,
            4.841652015861333,
            3.415425832312119,
            2.0833304833780573,
            1.1004082506733046,
            0.3145042876655146,
            0.0
        ]
    },
    "sd": {
        "reduce": [
            6.979999999999999,
            6.953841823983349,
            6.749347510319455,
            6.638474589399169,
            6.409507891027824,
            6.186898563275312,
            6.061268758404916,
            5.565661310579815,
            5.055539872852897
        ],
        "cache_duration": [
            1.5481049446424424,
            1.0995663096983497,
            0.7484883800202354,
            0.5848581079644452,
            0.4526949352517219,
            0.39085901087602437,
            0.35596184285646953,
            0.21829310734949736,
            0.0826321059236314
        ]
    },
    "docker": {
        "reduce": [
            2.144549207492165,
            1.8514609410168963,
            1.713546996614708,
            1.5794198644904913,
            1.4051653141914342,
            1.2068142969989202,
            0.9734781626796188,
            0.7683804975922373,
            0.47081222086897123
        ],
        "cache_duration": [
            3.7558546212333463,
            2.1962645015963695,
            1.7880825695444889,
            1.5045417471442766,
            1.1525662491706605,
            0.856776360867138,
            0.6396436250560844,
            0.4759626888092778,
            0.26599040700333587
        ]
    },
    "KV_Cache": {
        "reduce": [
            4.466545337045519,
            4.053782152026751,
            3.638993985420698,
            3.1859400973693,
            2.608280298342602,
            2.1225990247353446,
            1.4467889217412564,
            1.1338333191787358,
            0.6098864591692574
        ],
        "cache_duration": [
            4.608472413904036,
            3.5108991968238357,
            2.361426976053994,
            1.8773414717794892,
            1.3289825547107568,
            0.9870612902968166,
            0.8325044644559881,
            0.395208427222488,
            0.12515788446393625
        ]
    }
}