{
    "task_time": [
        185.52231271266936,
        395.4451531648636,
        0.8698548445599386,
        262.29774368085003,
        46.673807801519814
    ],
    "time_generation1": [
        10.698333823680878,
        40.67906395196915,
        6.343756685265696,
        13.685180089256132,
        9.139917077718529
    ],
    "time_score1": [
        2.6725837230682368,
        20.88834080696106,
        2.9042594694644066,
        5.436785885924953,
        4.0940326904229325
    ],
    "time_aggregate": [
        12.837343513965607,
        39.67997592687607,
        0.6702206630236698,
        22.747156381338414,
        7.387564466388305
    ],
    "time_score2": [
        2.4223008871078493,
        20.942176747322083,
        3.7620260390868165,
        5.5582779104309346,
        4.2062084336311125
    ],
    "time_generation2": [
        14.666024053096772,
        47.500451958179475,
        7.8000610831769155,
        18.398486507701193,
        12.573825926986116
    ],
    "time_score3": [
        2.4223008871078493,
        20.942176747322083,
        3.7620260390868165,
        5.5582779104309346,
        4.2062084336311125
    ],
    "token_generation1": {
        "prompt_tokens": [
            984.3,
            2407.7,
            2.5605864115481465,
            1241.8164177502317,
            386.91887355411353
        ],
        "completion_tokens": [
            408.94999999999993,
            1862.0499999999997,
            3.8242899720628687,
            584.4208221453971,
            368.37551371283405
        ],
        "total_tokens": [
            1630.25,
            3890.75,
            3.57569584449931,
            1922.29636930059,
            613.339496840065
        ]
    },
    "token_score1": {
        "prompt_tokens": [
            1742.1000000000001,
            3851.9,
            4.168812810638638,
            2000.1598710083904,
            598.1999519626314
        ],
        "completion_tokens": [
            62.25,
            1002.75,
            4.019357904971924,
            178.57732798553025,
            212.9795611684465
        ],
        "total_tokens": [
            1874.0,
            4228.0,
            1.1988359603220682,
            2539.2034928803105,
            459.06193650310365
        ]
    },
    "token_aggregate": {
        "prompt_tokens": [
            2597.2,
            5364.8,
            3.55006797794119,
            3040.75256654013,
            1092.9475187539142
        ],
        "completion_tokens": [
            435.05000000000007,
            1313.95,
            0.050706062493881626,
            883.2920304560755,
            217.23071571675143
        ],
        "total_tokens": [
            3084.75,
            6676.25,
            1.2345884770405422,
            4103.123263633361,
            1113.6257154625614
        ]
    },
    "token_score2": {
        "prompt_tokens": [
            1770.7,
            3339.3,
            3.743848386504171,
            2021.6478183569661,
            592.0324870709292
        ],
        "completion_tokens": [
            68.5,
            981.5,
            4.89193081437114,
            188.2340449948956,
            214.70130699234477
        ],
        "total_tokens": [
            1877.5,
            3670.5,
            -0.7626557461969754,
            3044.817106465701,
            406.80242654788333
        ]
    },
    "token_generation2": {
        "prompt_tokens": [
            1626.15,
            3074.85,
            4.27525433608677,
            1847.371198135263,
            571.9763921618951
        ],
        "completion_tokens": [
            389.3,
            1372.7,
            4.439778604925458,
            556.124386906462,
            354.15576118159964
        ],
        "total_tokens": [
            2218.05,
            4372.95,
            5.677946469001943,
            2424.858681673202,
            882.1872780267588
        ]
    },
    "token_score3": {
        "prompt_tokens": [
            1770.7,
            3339.3,
            3.743848386504171,
            2021.6478183569661,
            592.0324870709292
        ],
        "completion_tokens": [
            68.5,
            981.5,
            4.89193081437114,
            188.2340449948956,
            214.70130699234477
        ],
        "total_tokens": [
            1877.5,
            3670.5,
            -0.7626557461969754,
            3044.817106465701,
            406.80242654788333
        ]
    }
}