{
    "task_time": [
        3.8471131563186693,
        162.70114419460293,
        27.543796518981907,
        12.2935911070964,
        40.24526431257664
    ],
    "time_gs": [
        -4.631839394569397,
        132.7516304254532,
        13.751476183098157,
        3.5957337636644886,
        10.321931004322032
    ],
    "time_sc": [
        -0.019448947906494148,
        0.4351417541503907,
        37751235.819658846,
        0.0012142626276578357,
        0.024714655778128827
    ],
    "time_cs": [
        -1.1719335913658142,
        64.63926380872726,
        5.099078552987898,
        5.033191797787383,
        7.722612052297713
    ],
    "time_gfs": [
        3.166441631317139,
        20.88170509338379,
        5.4943746132474045,
        5.496239012340346,
        5.230476784785904
    ],
    "token_gs": {
        "prompt_tokens": [
            -45.70000000000003,
            1421.7000000000003,
            -5.70841126578345,
            1199.3113056034026,
            443.95486989244773
        ],
        "completion_tokens": [
            -234.1500000000001,
            4961.150000000001,
            9.717233386995755,
            91.39637402019217,
            312.7967325625317
        ],
        "total_tokens": [
            -231.05000000000013,
            5798.050000000001,
            0.7858115428528005,
            936.4120211023909,
            446.97256512141473
        ]
    },
    "token_cs": {
        "prompt_tokens": [
            -27.449999999999932,
            4998.449999999999,
            1.256490148691728,
            627.3307177049976,
            399.02925998516855
        ],
        "completion_tokens": [
            38.39999999999999,
            1019.6000000000001,
            1.491906785312322,
            330.59756487994287,
            204.1466862144979
        ],
        "total_tokens": [
            120.55000000000015,
            5212.449999999999,
            0.8033514270192168,
            1107.9556313479848,
            459.4437824315986
        ]
    },
    "token_gfs": {
        "prompt_tokens": [
            477.75,
            1693.25,
            0.5696627191419095,
            909.0032791634688,
            203.21287528265532
        ],
        "completion_tokens": [
            176.2,
            1205.8,
            5.391789224480885,
            315.0107114607123,
            298.2385477456749
        ],
        "total_tokens": [
            782.75,
            2438.25,
            1.496381590236901,
            1259.7975205932908,
            418.12613322212854
        ]
    },
    "p_gs": [
        1.8999999999999997,
        26.099999999999998,
        2.1509565847133896,
        5.6442612861963095,
        6.192349219901242
    ],
    "p_cs": [
        1.65,
        9.35,
        6277659.86725753,
        1.99999872976821,
        1.4500019461618452
    ],
    "l_cs": [
        -0.29999999999999993,
        6.299999999999999,
        2.9185898801657415,
        0.539877462661376,
        1.57261670756033
    ]
}