{
    "time_g1": [
        6.3640594482421875,
        8.770739555358887,
        0.6068166870897893,
        7.332550334551018,
        0.5947108452369587
    ],
    "time_g2": [
        2.8523889899253847,
        3.7779818654060366,
        -25.17652421642312,
        3.7179511865810637,
        0.4445551168421933
    ],
    "time_g3": [
        2.758347010612488,
        5.1193523645401,
        151950271.18375075,
        2.8656654030868705,
        0.9861158361930893
    ],
    "time_g4": [
        2.526105356216431,
        4.790463018417358,
        -3986877.6794741703,
        4.687538942270591,
        1.1877430536885
    ],
    "time_g5": [
        2.6888161420822145,
        6.635970520973205,
        -55902282.87089321,
        6.456554586336573,
        1.934303909451696
    ],
    "time_a1": [
        0.5510689735412597,
        1.2337811470031739,
        -25189372.33393787,
        1.2027488248980882,
        0.2590374171718397
    ],
    "time_a2": [
        0.8487786889076233,
        1.8094866633415223,
        2.2242021394111915,
        1.0231981028012407,
        0.3355324076677788
    ],
    "time_a3": [
        1.0783109188079834,
        2.462522554397583,
        -2.34467779165417,
        2.185011170951654,
        0.49904572079066123
    ],
    "task_time": [
        156.11589525938035,
        197.07917667627336,
        4421778.54038604,
        157.97783874231033,
        22.081764496018156
    ],
    "token_g1": {
        "prompt_tokens": [
            653.85,
            789.15,
            0.9881455398300316,
            700.4532151418764,
            37.194048765744284
        ],
        "completion_tokens": [
            351.8,
            488.2,
            0.8223585584488309,
            402.1491930928893,
            35.828229366913945
        ],
        "total_tokens": [
            1005.6499999999999,
            1277.3500000000001,
            0.9117020462824252,
            1102.3142073473905,
            73.11781243670865
        ]
    },
    "token_g2": {
        "prompt_tokens": [
            1162.45,
            1218.55,
            1.3175782665077609,
            1175.8773272332169,
            18.868865637942868
        ],
        "completion_tokens": [
            148.7,
            199.29999999999998,
            -37920150.50351778,
            197.00000334879473,
            24.858209715847096
        ],
        "total_tokens": [
            1322.7,
            1417.3,
            -0.08362474770517858,
            1366.0507146146147,
            26.93174857642991
        ]
    },
    "token_g3": {
        "prompt_tokens": [
            1170.2,
            1209.8,
            -4536853.246977203,
            1208.0000224096602,
            21.238967873468226
        ],
        "completion_tokens": [
            144.05,
            274.95,
            56166024.5846833,
            149.9999945956415,
            55.6679043335844
        ],
        "total_tokens": [
            1314.6,
            1477.3999999999999,
            1.5910092800960633,
            1354.3606354803096,
            50.025820146627986
        ]
    },
    "token_g4": {
        "prompt_tokens": [
            1171.85,
            1219.1499999999999,
            24312831.432134166,
            1173.9999954420327,
            21.651073614951912
        ],
        "completion_tokens": [
            130.2,
            257.8,
            -4548498.490019957,
            252.00006953370647,
            67.15284807912974
        ],
        "total_tokens": [
            1302.5,
            1467.5,
            -0.655253202040621,
            1408.6909475988832,
            51.781921321762255
        ]
    },
    "token_g5": {
        "prompt_tokens": [
            1174.85,
            1266.1499999999999,
            -16013978.149843317,
            1262.0000164592307,
            51.9252252669976
        ],
        "completion_tokens": [
            144.2,
            359.8,
            -16841807.037493605,
            350.00003090111363,
            107.58799545116594
        ],
        "total_tokens": [
            1320.25,
            1622.75,
            -20052826.27286677,
            1609.0000396927517,
            156.14527469816267
        ]
    },
    "token_a1": {
        "prompt_tokens": [
            256.1,
            297.90000000000003,
            9150978.166112753,
            257.9999906294107,
            17.153921195559384
        ],
        "completion_tokens": [
            27.25,
            65.75,
            -47817566.32470763,
            64.00000169818034,
            14.412166941891819
        ],
        "total_tokens": [
            283.8,
            354.2,
            -2.4626669091647733,
            342.2181020012826,
            23.137485356412697
        ]
    },
    "token_a2": {
        "prompt_tokens": [
            256.0,
            322.0,
            1.5983065347600638,
            272.4347465960077,
            19.934661488080614
        ],
        "completion_tokens": [
            44.45,
            100.55,
            2.3611378156413743,
            53.75388664791569,
            19.854455657057425
        ],
        "total_tokens": [
            300.45,
            422.55,
            1.8490159801211334,
            327.3290156016384,
            38.5275714796342
        ]
    },
    "token_a3": {
        "prompt_tokens": [
            289.95,
            357.05,
            1.8453123302281682,
            303.73122338377226,
            24.324049017065317
        ],
        "completion_tokens": [
            57.5,
            134.5,
            -2.4548320701273045,
            120.4320756285058,
            28.606985462489252
        ],
        "total_tokens": [
            347.45,
            491.55,
            -0.5551125772864491,
            435.13580344736386,
            38.819652842954824
        ]
    }
}