{
    "got_keycount0": 194.43784046173096,
    "got_keycount1": 195.21720933914185,
    "got_keycount2": 186.2149896621704,
    "got_keycount3": 175.27899169921875,
    "got_keycount4": 176.1036159992218,
    "got_keycount5": 163.01577162742615,
    "got_keycount6": 164.4048776626587,
    "got_keycount7": 182.12136459350586,
    "got_keycount8": 167.27131581306458,
    "got_keycount9": 157.97786259651184
}