{
    "task_time": [
        3.847319233417511,
        141.0061265349388,
        3.5798688350909345,
        17.746521428373498,
        26.478280182978484
    ],
    "time_gs": [
        -0.22348803281784058,
        37.35668462514877,
        4.28399887103064,
        3.9922402761990297,
        4.34167900074481
    ],
    "time_cs": [
        1.339577353000641,
        31.30569800138474,
        1.7886524610376733,
        8.012898541469685,
        5.8601495622943585
    ],
    "time_gfs": [
        3.7750282883644104,
        28.319341361522675,
        4.2475307508970666,
        7.628167796218605,
        6.218588665362642
    ],
    "token_gs": {
        "prompt_tokens": [
            -13.149999999999991,
            738.1499999999999,
            -5.209863512605926,
            602.4930189942439,
            232.4999732674009
        ],
        "completion_tokens": [
            -74.25,
            1779.25,
            4.9703343842177015,
            76.52688009111597,
            146.10455020390293
        ],
        "total_tokens": [
            -68.79999999999998,
            2280.8,
            -1.5980564165518785,
            785.5219501000707,
            270.7139065174499
        ]
    },
    "token_cs": {
        "prompt_tokens": [
            65.2,
            2062.7999999999997,
            -32.871885104875076,
            1958.0293152190543,
            739.9884690780282
        ],
        "completion_tokens": [
            44.45,
            1596.5499999999997,
            1.888790634868266,
            365.4677460923145,
            309.172828711605
        ],
        "total_tokens": [
            116.44999999999999,
            3516.55,
            -4.5421806846854,
            2751.926639029778,
            983.9619898237488
        ]
    },
    "token_gfs": {
        "prompt_tokens": [
            472.94999999999993,
            3510.0499999999997,
            4.458641680766512,
            843.4537943252236,
            781.7956652789107
        ],
        "completion_tokens": [
            210.85000000000002,
            1644.1499999999999,
            4.226285215605134,
            437.0216685524799,
            363.0776246954107
        ],
        "total_tokens": [
            888.5999999999999,
            4153.400000000001,
            3.036914153772286,
            1458.1228826722968,
            914.7007172165959
        ]
    },
    "p_gs": [
        5.1499999999999995,
        45.85000000000001,
        2.0826234843766036,
        12.413569724172405,
        11.930625975981776
    ],
    "p_cs": [
        1.85,
        5.15,
        18491371.015237793,
        1.9999996903221886,
        1.0487498364704333
    ],
    "l_cs": [
        -0.20000000000000004,
        4.2,
        1.6759969445397727,
        0.48098562537241385,
        0.8145611943420514
    ]
}