{
  "16": {
    "gpu2cpu": [
      2.010345458984375,
      0.9746551513671875,
      1.1601448059082031,
      0.9293556213378906,
      1.1148452758789062
    ],
    "cpu2gpu": [
      0.9515285491943359,
      0.9410381317138672,
      0.9305477142333984,
      1.1141300201416016,
      0.9217262268066406
    ],
    "cpu2disk": [
      11.48676872253418,
      88.6998176574707,
      69.88000869750977,
      96.04525566101074,
      97.11599349975586
    ],
    "disk2cpu": [
      90.70801734924316,
      110.87250709533691,
      115.80681800842285,
      109.28511619567871,
      169.30103302001953
    ],
    "compute": [
      35.84694862365723,
      29.326915740966797,
      29.222726821899414,
      32.00840950012207,
      29.310941696166992
    ]
  },
  "32": {
    "gpu2cpu": [
      2.9783248901367188,
      2.8455257415771484,
      2.9158592224121094,
      1.279592514038086,
      1.2691020965576172
    ],
    "cpu2gpu": [
      1.5006065368652344,
      1.2822151184082031,
      1.272439956665039,
      1.285552978515625,
      1.316070556640625
    ],
    "cpu2disk": [
      107.24687576293945,
      83.39095115661621,
      237.87236213684082,
      143.9211368560791,
      110.42928695678711
    ],
    "disk2cpu": [
      232.76591300964355,
      157.17148780822754,
      144.7148323059082,
      161.1013412475586,
      159.3015193939209
    ],
    "compute": [
      29.98638153076172,
      29.953479766845703,
      29.939889907836914,
      29.91795539855957,
      29.87527847290039
    ]
  },
  "64": {
    "gpu2cpu": [
      4.904747009277344,
      3.7353038787841797,
      2.142667770385742,
      1.9526481628417969,
      1.9414424896240234
    ],
    "cpu2gpu": [
      1.9657611846923828,
      1.9636154174804688,
      1.9893646240234375,
      2.0036697387695312,
      1.9941329956054688
    ],
    "cpu2disk": [
      102.75149345397949,
      145.77436447143555,
      421.65160179138184,
      485.5842590332031,
      240.20814895629883
    ],
    "disk2cpu": [
      478.50871086120605,
      259.33027267456055,
      391.7057514190674,
      259.14835929870605,
      64.37873840332031
    ],
    "compute": [
      29.735565185546875,
      28.757810592651367,
      28.530359268188477,
      28.554916381835938,
      28.506040573120117
    ]
  },
  "128": {
    "gpu2cpu": [
      3.9691925048828125,
      3.7708282470703125,
      3.4132003784179688,
      3.3416748046875,
      3.4978389739990234
    ],
    "cpu2gpu": [
      3.4279823303222656,
      7.979393005371094,
      5.416154861450195,
      5.411386489868164,
      5.419731140136719
    ],
    "cpu2disk": [
      441.7121410369873,
      1015.070915222168,
      942.4946308135986,
      649.867057800293,
      596.569299697876
    ],
    "disk2cpu": [
      1222.5251197814941,
      579.9336433410645,
      884.5610618591309,
      615.3583526611328,
      990.4065132141113
    ],
    "compute": [
      32.85551071166992,
      32.43279457092285,
      30.855894088745117,
      30.243396759033203,
      30.222177505493164
    ]
  },
  "256": {
    "gpu2cpu": [
      8.217096328735352,
      6.021261215209961,
      10.576009750366211,
      11.314630508422852,
      11.330604553222656
    ],
    "cpu2gpu": [
      11.322736740112305,
      10.779857635498047,
      10.780811309814453,
      10.78033447265625,
      10.773420333862305
    ],
    "cpu2disk": [
      1008.8257789611816,
      1351.4070510864258,
      1143.338918685913,
      1000.4150867462158,
      1079.5671939849854
    ],
    "disk2cpu": [
      1500.899314880371,
      1389.509677886963,
      1871.0336685180664,
      1634.8767280578613,
      1156.5115451812744
    ],
    "compute": [
      36.416053771972656,
      36.21983528137207,
      36.290884017944336,
      35.57085990905762,
      35.26496887207031
    ]
  },
  "512": {
    "gpu2cpu": [
      12.932300567626953,
      22.041797637939453,
      22.513866424560547,
      22.542715072631836,
      22.53437042236328
    ],
    "cpu2gpu": [
      21.98195457458496,
      21.306991577148438,
      21.285057067871094,
      20.29871940612793,
      17.125606536865234
    ],
    "cpu2disk": [
      953.5744190216064,
      2420.607566833496,
      1717.2057628631592,
      2315.917491912842,
      1638.9358043670654
    ],
    "disk2cpu": [
      3206.587314605713,
      2952.526569366455,
      2836.4574909210205,
      2882.890462875366,
      2859.358787536621
    ],
    "compute": [
      51.7117977142334,
      52.99186706542969,
      53.15709114074707,
      52.809715270996094,
      52.83403396606445
    ]
  },
  "1024": {
    "gpu2cpu": [
      35.65263748168945,
      45.1204776763916,
      44.96312141418457,
      45.00699043273926,
      45.04823684692383
    ],
    "cpu2gpu": [
      40.12417793273926,
      34.76285934448242,
      34.709930419921875,
      34.700632095336914,
      34.74569320678711
    ],
    "cpu2disk": [
      2378.4096240997314,
      3003.0300617218018,
      3660.7260704040527,
      3234.4560623168945,
      3106.569528579712
    ],
    "disk2cpu": [
      6276.771783828735,
      5331.765651702881,
      5780.818939208984,
      4713.636636734009,
      6033.398866653442
    ],
    "compute": [
      91.53056144714355,
      95.21150588989258,
      92.0717716217041,
      90.47150611877441,
      91.73440933227539
    ]
  },
  "2048": {
    "gpu2cpu": [
      80.9018611907959,
      89.85328674316406,
      73.20976257324219,
      65.26637077331543,
      65.13714790344238
    ],
    "cpu2gpu": [
      68.75419616699219,
      69.30923461914062,
      69.37885284423828,
      69.30851936340332,
      69.34452056884766
    ],
    "cpu2disk": [
      4376.814126968384,
      6775.509595870972,
      7937.129735946655,
      9988.965034484863,
      10384.938478469849
    ],
    "disk2cpu": [
      15767.283201217651,
      15050.506830215454,
      15632.861375808716,
      15927.371978759766,
      16204.899549484253
    ],
    "compute": [
      161.19837760925293,
      158.67090225219727,
      160.44998168945312,
      159.26098823547363,
      159.64126586914062
    ]
  },
  "4096": {
    "gpu2cpu": [
      164.31355476379395,
      130.68222999572754,
      130.65314292907715,
      130.1901340484619,
      130.1596164703369
    ],
    "cpu2gpu": [
      138.17381858825684,
      138.88001441955566,
      138.8688087463379,
      138.90433311462402,
      139.12582397460938
    ],
    "cpu2disk": [
      10867.910861968994,
      14218.456268310547,
      13042.157411575317,
      16330.34873008728,
      19620.14150619507
    ],
    "disk2cpu": [
      30994.550228118896,
      31202.75378227234,
      30473.95658493042,
      31419.119119644165,
      31983.688592910767
    ],
    "compute": [
      315.1421546936035,
      311.10119819641113,
      312.33763694763184,
      313.30204010009766,
      312.6406669616699
    ]
  },
  "8192": {
    "gpu2cpu": [
      312.9711151123047,
      260.3421211242676,
      260.23030281066895,
      260.3452205657959,
      260.38098335266113
    ],
    "cpu2gpu": [
      277.1730422973633,
      277.6205539703369,
      278.3856391906738,
      277.99296379089355,
      277.7860164642334
    ],
    "cpu2disk": [
      17251.813173294067,
      24172.281980514526,
      34282.49645233154,
      22923.3181476593,
      36920.902252197266
    ],
    "disk2cpu": [
      58516.12663269043,
      57101.8431186676,
      57579.57673072815,
      57142.84801483154,
      56534.6622467041
    ],
    "compute": [
      653.3584594726562,
      651.0579586029053,
      657.8326225280762,
      651.3717174530029,
      654.3481349945068
    ]
  },
  "16384": {
    "gpu2cpu": [
      545.9573268890381,
      521.6805934906006,
      521.5635299682617,
      521.6717720031738,
      521.5871334075928
    ],
    "cpu2gpu": [
      555.3297996520996,
      556.2493801116943,
      555.7994842529297,
      556.2307834625244,
      555.722713470459
    ],