{
    "react_fever0": 3.756220817565918,
    "react_fever1": 3.5963966846466064,
    "react_fever2": 2.8830151557922363,
    "react_fever3": 3.555776834487915,
    "react_fever4": 7.534241676330566,
    "react_fever5": 3.746673345565796,
    "react_fever6": 2.9148077964782715,
    "react_fever7": 4.1207475662231445,
    "react_fever8": 5.857787370681763,
    "react_fever9": 2.969108819961548,
    "react_fever10": 4.707597732543945,
    "react_fever11": 5.094701051712036,
    "react_fever12": 3.778947114944458,
    "react_fever13": 3.0996451377868652,
    "react_fever14": 3.2330307960510254,
    "react_fever15": 3.1451709270477295,
    "react_fever16": 4.390450954437256,
    "react_fever17": 5.413057804107666,
    "react_fever18": 3.3924007415771484,
    "react_fever19": 6.367758750915527,
    "react_fever20": 3.059854030609131,
    "react_fever21": 3.469174385070801,
    "react_fever22": 4.832456827163696,
    "react_fever23": 2.986302137374878,
    "react_fever24": 3.7214324474334717,
    "react_fever25": 3.7889466285705566,
    "react_fever26": 7.315633773803711,
    "react_fever27": 3.5111427307128906,
    "react_fever28": 3.275290012359619,
    "react_fever29": 3.20273494720459,
    "react_fever30": 5.9555604457855225,
    "react_fever31": 11.925781488418579,
    "react_fever32": 4.59372615814209,
    "react_fever33": 2.9449710845947266,
    "react_fever34": 4.442733526229858,
    "react_fever35": 2.912821054458618,
    "react_fever36": 3.805392265319824,
    "react_fever37": 3.245455026626587,
    "react_fever38": 5.462780714035034,
    "react_fever39": 4.027459383010864,
    "react_fever40": 7.314489126205444,
    "react_fever41": 3.283863067626953,
    "react_fever42": 7.873006105422974,
    "react_fever43": 4.619107961654663,
    "react_fever44": 3.2009682655334473,
    "react_fever45": 3.0646889209747314,
    "react_fever46": 6.401643514633179,
    "react_fever47": 4.016031742095947,
    "react_fever48": 2.7806153297424316,
    "react_fever49": 2.7656466960906982,
    "react_fever50": 3.116365432739258,
    "react_fever51": 4.41072416305542,
    "react_fever52": 7.0600481033325195,
    "react_fever53": 5.351938724517822,
    "react_fever54": 3.2219648361206055,
    "react_fever55": 3.3112010955810547,
    "react_fever56": 5.508153438568115,
    "react_fever57": 3.734700918197632,
    "react_fever58": 6.9751482009887695,
    "react_fever59": 3.296299695968628,
    "react_fever60": 3.154717206954956,
    "react_fever61": 3.1832094192504883,
    "react_fever62": 2.922128438949585,
    "react_fever63": 4.034599542617798,
    "react_fever64": 6.865786075592041,
    "react_fever65": 4.359936714172363,
    "react_fever66": 3.93912410736084,
    "react_fever67": 5.59613561630249,
    "react_fever68": 2.7827131748199463,
    "react_fever69": 2.996204376220703,
    "react_fever70": 3.5796258449554443,
    "react_fever71": 5.001584768295288,
    "react_fever72": 4.630566596984863,
    "react_fever73": 3.19435977935791,
    "react_fever74": 3.847062110900879,
    "react_fever75": 3.6997568607330322,
    "react_fever76": 4.435823202133179,
    "react_fever77": 6.250542640686035,
    "react_fever78": 5.056849479675293,
    "react_fever79": 7.842188596725464,
    "react_fever80": 2.956070899963379,
    "react_fever81": 5.830873012542725,
    "react_fever82": 3.3632454872131348,
    "react_fever83": 4.383001089096069,
    "react_fever84": 3.6612374782562256,
    "react_fever85": 3.026263475418091,
    "react_fever86": 3.476041078567505,
    "react_fever87": 3.621502161026001,
    "react_fever88": 3.4655537605285645,
    "react_fever89": 3.0860564708709717,
    "react_fever90": 5.068389892578125,
    "react_fever91": 3.6894726753234863,
    "react_fever92": 4.535760164260864,
    "react_fever93": 3.4036295413970947,
    "react_fever94": 3.4656670093536377,
    "react_fever95": 6.716405153274536,
    "react_fever96": 2.89984130859375,
    "react_fever97": 2.949286460876465,
    "react_fever98": 3.256004571914673,
    "react_fever99": 3.3023037910461426
}