{
    "react_fever0": {
        "0": 0.7396395206451416,
        "act0": 2.2588770389556885,
        "1": 0.7573525905609131,
        "act1": 0.00023245811462402344
    },
    "react_fever1": {
        "0": 0.7571451663970947,
        "act0": 2.0267083644866943,
        "1": 0.8121850490570068,
        "act1": 0.00014853477478027344
    },
    "react_fever2": {
        "0": 0.8365814685821533,
        "act0": 1.2659211158752441,
        "1": 0.7802407741546631,
        "act1": 0.00013136863708496094
    },
    "react_fever3": {
        "0": 0.7777416706085205,
        "act0": 1.9666802883148193,
        "1": 0.8110673427581787,
        "act1": 0.00014972686767578125
    },
    "react_fever4": {
        "0": 0.7385678291320801,
        "act0": 3.288997173309326,
        "1": 0.8724076747894287,
        "act1": 1.8715004920959473,
        "2": 0.7624576091766357,
        "act2": 0.0001270771026611328
    },
    "react_fever5": {
        "0": 0.8585317134857178,
        "act0": 2.045044183731079,
        "1": 0.8427810668945312,
        "act1": 0.00013709068298339844
    },
    "react_fever6": {
        "0": 0.7575812339782715,
        "act0": 1.3583800792694092,
        "1": 0.7985992431640625,
        "act1": 0.00010180473327636719
    },
    "react_fever7": {
        "0": 0.7808094024658203,
        "act0": 2.384809732437134,
        "1": 0.9548993110656738,
        "act1": 9.083747863769531e-05
    },
    "react_fever8": {
        "0": 0.7788245677947998,
        "act0": 4.298381328582764,
        "1": 0.7802848815917969,
        "act1": 0.0001480579376220703
    },
    "react_fever9": {
        "0": 0.730717658996582,
        "act0": 1.4210779666900635,
        "1": 0.8170421123504639,
        "act1": 0.0001316070556640625
    },
    "react_fever10": {
        "0": 0.8204693794250488,
        "act0": 2.9503493309020996,
        "1": 0.9365057945251465,
        "act1": 0.0001342296600341797
    },
    "react_fever11": {
        "0": 0.721092700958252,
        "act0": 3.5748040676116943,
        "1": 0.7984797954559326,
        "act1": 0.00013780593872070312
    },
    "react_fever12": {
        "0": 0.7417144775390625,
        "act0": 2.274390459060669,
        "1": 0.7624976634979248,
        "act1": 0.00017452239990234375
    },
    "react_fever13": {
        "0": 0.8689899444580078,
        "act0": 1.3588755130767822,
        "1": 0.8715851306915283,
        "act1": 7.295608520507812e-05
    },
    "react_fever14": {
        "0": 0.7829995155334473,
        "act0": 1.7084136009216309,
        "1": 0.7414016723632812,
        "act1": 8.7738037109375e-05
    },
    "react_fever15": {
        "0": 0.8275246620178223,
        "act0": 1.3801517486572266,
        "1": 0.9372565746307373,
        "act1": 0.0001087188720703125
    },
    "react_fever16": {
        "0": 0.8147823810577393,
        "act0": 2.6848983764648438,
        "1": 0.8905081748962402,
        "act1": 0.000110626220703125
    },
    "react_fever17": {
        "0": 0.7600319385528564,
        "act0": 3.847177505493164,
        "1": 0.8055729866027832,
        "act1": 0.0001232624053955078
    },
    "react_fever18": {
        "0": 0.785444974899292,
        "act0": 1.8733947277069092,
        "1": 0.7332582473754883,
        "act1": 0.0001316070556640625
    },
    "react_fever19": {
        "0": 0.7183458805084229,
        "act0": 2.6631805896759033,
        "1": 0.9698925018310547,
        "act1": 1.2648210525512695,
        "2": 0.7512154579162598,
        "act2": 0.00012755393981933594
    },
    "react_fever20": {
        "0": 0.775259256362915,
        "act0": 1.5666117668151855,
        "1": 0.7177050113677979,
        "act1": 0.0001316070556640625
    },
    "react_fever21": {
        "0": 0.8862624168395996,
        "act0": 1.7061171531677246,
        "1": 0.8765115737915039,
        "act1": 0.00013637542724609375
    },
    "react_fever22": {
        "0": 0.7465295791625977,
        "act0": 2.9872028827667236,
        "1": 1.0984821319580078,
        "act1": 0.00011134147644042969
    },
    "react_fever23": {
        "0": 0.8068609237670898,
        "act0": 1.2939095497131348,
        "1": 0.8852570056915283,
        "act1": 0.00012636184692382812
    },
    "react_fever24": {
        "0": 0.7587070465087891,
        "act0": 1.958059549331665,
        "1": 1.004124402999878,
        "act1": 0.00023055076599121094
    },
    "react_fever25": {
        "0": 0.8198785781860352,
        "act0": 1.9843246936798096,
        "1": 0.9845187664031982,
        "act1": 8.940696716308594e-05
    },
    "react_fever26": {
        "0": 0.9150111675262451,
        "act0": 5.564845323562622,
        "1": 0.8355131149291992,
        "act1": 0.00011301040649414062
    },
    "react_fever27": {
        "0": 0.969475269317627,
        "act0": 1.5581121444702148,
        "1": 0.9833235740661621,
        "act1": 9.489059448242188e-05
    },
    "react_fever28": {
        "0": 1.0075745582580566,
        "act0": 1.3195850849151611,
        "1": 0.9479248523712158,
        "act1": 7.319450378417969e-05
    },
    "react_fever29": {
        "0": 0.7049088478088379,
        "act0": 1.7743916511535645,
        "1": 0.7231924533843994,
        "act1": 0.00010180473327636719
    },
    "react_fever30": {
        "0": 0.7423672676086426,
        "act0": 1.6697165966033936,
        "1": 0.9911668300628662,
        "act1": 1.6283156871795654,
        "2": 0.9236791133880615,
        "act2": 0.00011515617370605469
    },
    "react_fever31": {
        "0": 0.8422126770019531,
        "act0": 2.027066707611084,
        "1": 0.8398947715759277,
        "act1": 7.208455562591553,
        "2": 1.0078821182250977,
        "act2": 8.988380432128906e-05
    },
    "react_fever32": {
        "0": 0.8967883586883545,
        "act0": 2.8653528690338135,
        "1": 0.8313002586364746,
        "act1": 0.00012350082397460938
    },
    "react_fever33": {
        "0": 0.7660706043243408,
        "act0": 1.4313256740570068,
        "1": 0.7472982406616211,
        "act1": 0.0001342296600341797
    },
    "react_fever34": {
        "0": 0.7501544952392578,
        "act0": 2.7841906547546387,
        "1": 0.9081108570098877,
        "act1": 0.00012087821960449219
    },
    "react_fever35": {
        "0": 0.771803617477417,
        "act0": 1.3095803260803223,
        "1": 0.8311924934387207,
        "act1": 0.00010204315185546875
    },
    "react_fever36": {
        "0": 0.778367280960083,
        "act0": 2.134578227996826,
        "1": 0.892223596572876,
        "act1": 9.322166442871094e-05
    },
    "react_fever37": {
        "0": 0.8461899757385254,
        "act0": 1.5295908451080322,
        "1": 0.8694472312927246,
        "act1": 9.1552734375e-05
    },
    "react_fever38": {
        "0": 0.7255904674530029,
        "act0": 3.909895896911621,
        "1": 0.8270387649536133,
        "act1": 0.00012111663818359375
    },
    "react_fever39": {
        "0": 0.9563689231872559,
        "act0": 1.9297034740447998,
        "1": 1.1410636901855469,
        "act1": 0.00017023086547851562
    },
    "react_fever40": {
        "0": 0.813438892364502,
        "act0": 2.813427209854126,
        "1": 1.0871551036834717,
        "act1": 1.6808817386627197,
        "2": 0.9192445278167725,
        "act2": 0.00013303756713867188
    },
    "react_fever41": {
        "0": 0.7853336334228516,
        "act0": 1.7382245063781738,
        "1": 0.7600176334381104,
        "act1": 0.00013017654418945312
    },
    "react_fever42": {
        "0": 0.7665174007415771,
        "act0": 2.484529495239258,
        "1": 1.956014633178711,
        "act1": 4.649162292480469e-05,
        "2": 2.0076751708984375,
        "act2": 6.0558319091796875e-05,
        "3": 0.6578078269958496,
        "act3": 8.535385131835938e-05
    },
    "react_fever43": {
        "0": 0.8767902851104736,
        "act0": 2.7990033626556396,
        "1": 0.9430804252624512,
        "act1": 0.00010395050048828125
    },