{
    "got_setintersection0": 54.394680976867676,
    "got_setintersection1": 95.23383831977844,
    "got_setintersection2": 86.75204467773438,
    "got_setintersection3": 72.68746185302734,
    "got_setintersection4": 68.2121570110321,
    "got_setintersection5": 95.64347672462463,
    "got_setintersection6": 57.58722734451294,
    "got_setintersection7": 90.82959318161011,
    "got_setintersection8": 61.216169118881226,
    "got_setintersection9": 57.50806379318237
}