{
    "factool_kbqa0": 8.212047100067139,
    "factool_kbqa1": 12.078651428222656,
    "factool_kbqa2": 8.604412317276001,
    "factool_kbqa3": 9.337825775146484,
    "factool_kbqa4": 13.583583354949951,
    "factool_kbqa5": 9.793663024902344,
    "factool_kbqa6": 10.0782630443573,
    "factool_kbqa7": 13.53201699256897,
    "factool_kbqa8": 10.729150295257568,
    "factool_kbqa9": 12.291818857192993,
    "factool_kbqa10": 7.853360891342163,
    "factool_kbqa11": 5.222551107406616,
    "factool_kbqa12": 6.64942479133606,
    "factool_kbqa13": 7.980169296264648,
    "factool_kbqa14": 5.769113779067993,
    "factool_kbqa15": 7.795184135437012,
    "factool_kbqa16": 9.772324562072754,
    "factool_kbqa17": 8.287459135055542,
    "factool_kbqa18": 8.474237203598022,
    "factool_kbqa19": 11.83344841003418,
    "factool_kbqa20": 14.454205751419067,
    "factool_kbqa21": 14.37110447883606,
    "factool_kbqa22": 7.7836103439331055,
    "factool_kbqa23": 7.0337724685668945,
    "factool_kbqa24": 7.891059160232544,
    "factool_kbqa25": 5.730024814605713,
    "factool_kbqa26": 12.281203269958496,
    "factool_kbqa27": 9.609488725662231,
    "factool_kbqa28": 12.004218578338623,
    "factool_kbqa29": 11.545697212219238,
    "factool_kbqa30": 17.141671419143677,
    "factool_kbqa31": 17.74147319793701,
    "factool_kbqa32": 6.308875560760498,
    "factool_kbqa33": 11.490735292434692,
    "factool_kbqa34": 75.37512874603271,
    "factool_kbqa35": 6.8356406688690186,
    "factool_kbqa36": 4.9469029903411865,
    "factool_kbqa37": 6.176985740661621,
    "factool_kbqa38": 6.977499961853027,
    "factool_kbqa39": 6.123354434967041,
    "factool_kbqa40": 7.084359169006348,
    "factool_kbqa41": 8.07614779472351,
    "factool_kbqa42": 9.51648235321045,
    "factool_kbqa43": 6.443402290344238,
    "factool_kbqa44": 7.958126068115234,
    "factool_kbqa45": 7.711659908294678,
    "factool_kbqa46": 11.726134538650513,
    "factool_kbqa47": 6.739365577697754,
    "factool_kbqa48": 9.116999864578247,
    "factool_kbqa49": 11.579904317855835
}