{
    "factool_code--0": {
        "factool_code--0--0": 1.4744837284088135,
        "factool_code--0--3": 3.1972856521606445,
        "factool_code--0--1": 3.214454174041748,
        "factool_code--0--2": 3.4350998401641846,
        "executor": 0.7845625877380371
    }
}