{
    "factool_math0": 2.224095106124878,
    "factool_math1": 2.1077463626861572,
    "factool_math2": 2.3627946376800537,
    "factool_math3": 3.11440372467041,
    "factool_math4": 3.715369939804077,
    "factool_math5": 2.9728758335113525,
    "factool_math6": 3.266655445098877,
    "factool_math7": 1.8933916091918945,
    "factool_math8": 2.073678970336914,
    "factool_math9": 2.3347835540771484,
    "factool_math10": 1.4139301776885986,
    "factool_math11": 0.945425271987915,
    "factool_math12": 4.600000858306885,
    "factool_math13": 3.3965909481048584,
    "factool_math14": 2.698929786682129,
    "factool_math15": 2.0742850303649902,
    "factool_math16": 2.0718612670898438,
    "factool_math17": 2.7497100830078125,
    "factool_math18": 3.3973355293273926,
    "factool_math19": 2.0920004844665527,
    "factool_math20": 1.9716179370880127,
    "factool_math21": 1.0010898113250732,
    "factool_math22": 1.0430867671966553,
    "factool_math23": 1.4116857051849365,
    "factool_math24": 2.140895128250122,
    "factool_math25": 2.6575162410736084,
    "factool_math26": 3.6923844814300537,
    "factool_math27": 5.851070404052734,
    "factool_math28": 2.9719724655151367,
    "factool_math29": 2.866530179977417,
    "factool_math30": 1.9846312999725342,
    "factool_math31": 2.131448745727539,
    "factool_math32": 2.2531049251556396,
    "factool_math33": 3.686537027359009,
    "factool_math34": 2.118778944015503,
    "factool_math35": 2.5464022159576416,
    "factool_math36": 3.0866000652313232,
    "factool_math37": 3.096405029296875,
    "factool_math38": 1.60581636428833,
    "factool_math39": 1.866788387298584,
    "factool_math40": 2.3624415397644043,
    "factool_math41": 3.0419211387634277,
    "factool_math42": 2.154863119125366,
    "factool_math43": 4.257441997528076,
    "factool_math44": 1.0305545330047607,
    "factool_math45": 2.993648052215576,
    "factool_math46": 3.6073713302612305,
    "factool_math47": 3.88002872467041,
    "factool_math48": 2.203913450241089,
    "factool_math49": 2.7881317138671875,
    "factool_math50": 1.4956567287445068,
    "factool_math51": 2.26479434967041,
    "factool_math52": 2.771977663040161,
    "factool_math53": 2.1816725730895996,
    "factool_math54": 1.7786951065063477,
    "factool_math55": 3.0538463592529297,
    "factool_math56": 3.530237913131714,
    "factool_math57": 3.050152540206909,
    "factool_math58": 2.44199275970459,
    "factool_math59": 1.445131540298462,
    "factool_math60": 1.514845371246338,
    "factool_math61": 2.4353187084198,
    "factool_math62": 2.8591926097869873,
    "factool_math63": 2.039307117462158,
    "factool_math64": 3.5669784545898438,
    "factool_math65": 2.1309735774993896,
    "factool_math66": 2.6138412952423096,
    "factool_math67": 3.303774833679199,
    "factool_math68": 2.128917694091797,
    "factool_math69": 2.1712565422058105,
    "factool_math70": 2.1798362731933594,
    "factool_math71": 6.997410297393799,
    "factool_math72": 2.346672773361206,
    "factool_math73": 1.6481735706329346,
    "factool_math74": 2.1486287117004395,
    "factool_math75": 3.5021848678588867,
    "factool_math76": 2.4325485229492188,
    "factool_math77": 1.5196950435638428,
    "factool_math78": 2.1935200691223145,
    "factool_math79": 2.1632754802703857,
    "factool_math80": 3.6872477531433105,
    "factool_math81": 2.959470748901367,
    "factool_math82": 2.237546920776367,
    "factool_math83": 4.28150486946106,
    "factool_math84": 1.9648292064666748,
    "factool_math85": 1.7386927604675293,
    "factool_math86": 2.669903516769409,
    "factool_math87": 2.106563091278076,
    "factool_math88": 6.071369171142578,
    "factool_math89": 3.30061936378479,
    "factool_math90": 2.1527578830718994,
    "factool_math91": 2.2855308055877686,
    "factool_math92": 2.399138927459717,
    "factool_math93": 2.545581579208374,
    "factool_math94": 1.841536045074463,
    "factool_math95": 2.4125843048095703,
    "factool_math96": 2.8708956241607666,
    "factool_math97": 2.350552797317505,
    "factool_math98": 2.098517894744873,
    "factool_math99": 1.5311706066131592
}