{
    "factool_math0": {
        "0": 1.4809401035308838,
        "1": 0.741912841796875,
        "2": 0.7344918251037598,
        "executor": 0.0001537799835205078
    },
    "factool_math1": {
        "0": 1.3936336040496826,
        "1": 0.7121067047119141,
        "2": 0.7044403553009033,
        "executor": 0.00027060508728027344
    },
    "factool_math2": {
        "0": 1.6194863319396973,
        "1": 0.7415452003479004,
        "2": 0.7337136268615723,
        "executor": 0.00022912025451660156
    },
    "factool_math3": {
        "0": 2.278433084487915,
        "1": 0.8301639556884766,
        "2": 0.8253462314605713,
        "3": 0.8188047409057617,
        "executor": 0.0003139972686767578
    },
    "factool_math4": {
        "0": 2.7746269702911377,
        "4": 0.9074740409851074,
        "1": 0.9383907318115234,
        "2": 0.928368330001831,
        "3": 0.920940637588501,
        "executor": 0.00030231475830078125
    },
    "factool_math5": {
        "0": 2.199272871017456,
        "1": 0.7691221237182617,
        "2": 0.7639303207397461,
        "3": 0.7576963901519775,
        "executor": 0.00031185150146484375
    },
    "factool_math6": {
        "0": 2.350874662399292,
        "4": 0.8873429298400879,
        "1": 0.9137537479400635,
        "2": 0.9056956768035889,
        "3": 0.8993995189666748,
        "executor": 0.00026154518127441406
    },
    "factool_math7": {
        "0": 1.232921838760376,
        "1": 0.6590390205383301,
        "2": 0.6490843296051025,
        "executor": 0.0002300739288330078
    },
    "factool_math8": {
        "0": 1.3869104385375977,
        "1": 0.6837711334228516,
        "2": 0.6767795085906982,
        "executor": 0.00015425682067871094
    },
    "factool_math9": {
        "0": 1.5464460849761963,
        "1": 0.7868468761444092,
        "2": 0.777597188949585,
        "executor": 0.00022149085998535156
    },
    "factool_math10": {
        "0": 0.7878463268280029,
        "1": 0.6256239414215088,
        "executor": 0.0001819133758544922
    },
    "factool_math11": {
        "0": 0.5494470596313477,
        "1": 0.39560508728027344,
        "executor": 0.00014257431030273438
    },
    "factool_math12": {
        "0": 3.8490078449249268,
        "2": 0.7329056262969971,
        "3": 0.7304449081420898,
        "4": 0.7235832214355469,
        "5": 0.717510461807251,
        "1": 0.7504222393035889,
        "executor": 0.0003142356872558594
    },
    "factool_math13": {
        "0": 2.60479474067688,
        "2": 0.7758734226226807,
        "1": 0.7869164943695068,
        "4": 0.7668757438659668,
        "3": 0.7746648788452148,
        "executor": 0.0002276897430419922
    },
    "factool_math14": {
        "0": 1.847733974456787,
        "2": 0.8369998931884766,
        "1": 0.8476622104644775,
        "3": 0.8350930213928223,
        "executor": 0.00025653839111328125
    },
    "factool_math15": {
        "0": 1.4537065029144287,
        "2": 0.6102187633514404,
        "1": 0.6184158325195312,
        "3": 0.6060609817504883,
        "executor": 0.00022172927856445312
    },
    "factool_math16": {
        "0": 1.350320816040039,
        "1": 0.720076322555542,
        "2": 0.7128763198852539,
        "executor": 0.00021886825561523438
    },
    "factool_math17": {
        "0": 1.8787562847137451,
        "2": 0.8534104824066162,
        "1": 0.8684616088867188,
        "4": 0.8460750579833984,
        "3": 0.8541195392608643,
        "executor": 0.00027298927307128906
    },
    "factool_math18": {
        "0": 2.458374261856079,
        "2": 0.9211492538452148,
        "1": 0.9366893768310547,
        "3": 0.9194331169128418,
        "executor": 0.0005028247833251953
    },
    "factool_math19": {
        "0": 1.3530306816101074,
        "2": 0.7294049263000488,
        "1": 0.738591194152832,
        "executor": 0.00013256072998046875
    },
    "factool_math20": {
        "0": 1.2861742973327637,
        "1": 0.68184494972229,
        "2": 0.6747024059295654,
        "executor": 0.0002963542938232422
    },
    "factool_math21": {
        "0": 0.593280553817749,
        "1": 0.40728759765625,
        "executor": 0.00021338462829589844
    },
    "factool_math22": {
        "0": 0.6170291900634766,
        "1": 0.42572879791259766,
        "executor": 0.00011491775512695312
    },
    "factool_math23": {
        "0": 0.9215929508209229,
        "1": 0.48830533027648926,
        "2": 0.4787726402282715,
        "executor": 0.0002779960632324219
    },
    "factool_math24": {
        "0": 1.3995161056518555,
        "1": 0.7394640445709229,
        "2": 0.7309572696685791,
        "executor": 0.0002639293670654297
    },
    "factool_math25": {
        "0": 1.824141025543213,
        "2": 0.8211603164672852,
        "1": 0.8318254947662354,
        "3": 0.8160004615783691,
        "executor": 0.0002117156982421875
    },
    "factool_math26": {
        "0": 2.881300926208496,
        "2": 0.7981100082397461,
        "1": 0.8090956211090088,
        "4": 0.788271427154541,
        "3": 0.7955560684204102,
        "executor": 0.00024437904357910156
    },
    "factool_math27": {
        "0": 4.507306337356567,
        "5": 1.3085615634918213,
        "3": 1.3228528499603271,
        "6": 1.3040122985839844,
        "2": 1.3304948806762695,
        "4": 1.3184595108032227,
        "1": 1.3431973457336426,
        "executor": 0.0003352165222167969
    },
    "factool_math28": {
        "0": 2.1415529251098633,
        "2": 0.8148484230041504,
        "1": 0.8290598392486572,
        "3": 0.8141753673553467,
        "executor": 0.0001881122589111328
    },
    "factool_math29": {
        "0": 2.026954174041748,
        "2": 0.8193018436431885,
        "1": 0.8383445739746094,
        "3": 0.818436861038208,
        "executor": 0.0002498626708984375
    },
    "factool_math30": {
        "0": 1.3930737972259521,
        "2": 0.5764608383178711,
        "1": 0.5897014141082764,
        "3": 0.5761456489562988,
        "executor": 0.000213623046875
    },
    "factool_math31": {
        "0": 1.4009788036346436,
        "1": 0.7290539741516113,
        "2": 0.721153736114502,
        "executor": 0.0001926422119140625
    },
    "factool_math32": {
        "0": 1.4105091094970703,
        "1": 0.8388769626617432,
        "2": 0.8309977054595947,
        "executor": 0.00031495094299316406
    },
    "factool_math33": {
        "0": 2.743896007537842,
        "2": 0.9275479316711426,
        "1": 0.9374146461486816,
        "4": 0.9183864593505859,
        "3": 0.9257907867431641,
        "executor": 0.0002262592315673828
    },
    "factool_math34": {
        "0": 1.390629529953003,
        "1": 0.7250545024871826,
        "2": 0.7186009883880615,
        "executor": 0.00014400482177734375
    },
    "factool_math35": {
        "0": 1.6881494522094727,
        "1": 0.8560547828674316,
        "2": 0.8465607166290283,
        "executor": 0.0003173351287841797
    },
    "factool_math36": {
        "0": 2.2212107181549072,
        "2": 0.8506889343261719,
        "1": 0.8633487224578857,
        "3": 0.8492233753204346,
        "executor": 0.00036978721618652344
    },
    "factool_math37": {
        "0": 2.2632744312286377,
        "2": 0.8192920684814453,
        "1": 0.8313844203948975,
        "3": 0.8152897357940674,
        "executor": 0.00018215179443359375
    },
    "factool_math38": {
        "0": 1.0554420948028564,
        "1": 0.5484561920166016,
        "2": 0.5434837341308594,
        "executor": 0.000331878662109375
    },
    "factool_math39": {
        "0": 1.3131816387176514,
        "2": 0.5390064716339111,
        "1": 0.5524647235870361,
        "3": 0.536672830581665,
        "executor": 0.00019669532775878906
    },
    "factool_math40": {
        "0": 1.4761888980865479,
        "1": 0.8842363357543945,
        "2": 0.8748972415924072,
        "executor": 0.0002830028533935547
    },
    "factool_math41": {
        "0": 2.210056781768799,