{
  "generate_queries": {
    "stage_gap": [
      0.010967254638671875,
      0.0069141387939453125,
      0.010728836059570312,
      0.0064373016357421875,
      0.0095367431640625,
      0.009298324584960938,
      0.0059604644775390625,
      0.008106231689453125,
      0.007152557373046875,
      0.0021457672119140625,
      0.0057220458984375,
      0.0057220458984375,
      0.01430511474609375,
      0.0057220458984375,
      0.005245208740234375,
      0.00667572021484375,
      0.010251998901367188,
      0.0059604644775390625,
      0.0133514404296875,
      0.003814697265625,
      0.009059906005859375,
      0.010013580322265625,
      0.0059604644775390625,
      0.0045299530029296875,
      0.008344650268554688,
      0.0059604644775390625,
      0.011920928955078125,
      0.004291534423828125,
      0.0247955322265625,
      0.05340576171875,
      0.0057220458984375,
      0.015020370483398438,
      0.007152557373046875,
      0.010013580322265625,
      0.00762939453125,
      0.0069141387939453125,
      0.00667572021484375,
      0.00858306884765625,
      0.01049041748046875,
      0.014781951904296875,
      0.0030994415283203125,
      0.009059906005859375,
      0.013113021850585938,
      0.019073486328125,
      0.015974044799804688
    ],
    "parallelism": [
      1,
      1,
      1,
      1,
      1,
      1,
      1,
      1,
      1,
      1,
      1,
      1,
      1,
      1,
      1,
      1,
      1,
      1,
      1,
      1,
      1,
      1,
      1,
      1,
      1,
      1,
      1,
      1,
      1,
      1,
      1,
      1,
      1,
      1,
      1,
      1,
      1,
      1,
      1,
      1,
      1,
      1,
      1,
      1,
      1,
      1,
      1,
      1,
      1,
      1,
      1,
      1,
      1,
      1,
      1,
      1,
      1,
      1,
      1,
      1,
      1,
      1,
      1,
      1,
      1,
      1,
      1,
      1,
      1,
      1,
      1,
      1,
      1,
      1,
      1,
      1,
      1,
      1,
      1,
      1,
      1,
      1,
      1,
      1,
      1,
      1,
      1,
      1,
      1,
      1,
      1,
      1,
      1,
      1,
      1,
      1,
      1,
      1,
      1,
      1
    ],
    "prompt_tokens": [
      345,
      337,
      346,
      344,
      322,
      465,
      321,
      467,
      380,
      318,
      342,
      360,
      389,
      365,
      300,
      342,
      371,
      360,
      297,
      355,
      335,
      371,
      355,
      288,
      389,
      366,
      329,
      330,
      285,
      370,
      341,
      395,
      335,
      354,
      329,
      346,
      329,
      413,
      346,
      458,
      320,
      303,
      364,
      376,
      293,
      342,
      314,
      330,
      470,
      370,
      343,
      391,
      381,
      380,
      330,
      361,
      429,
      430,
      352,
      429,
      352,
      344,
      329,
      301,
      293,
      353,
      350,
      401,
      300,
      303,
      493,
      343,
      389,
      338,
      352,
      341,
      330,
      416,
      458,
      467,
      429,
      361,
      341,
      416,
      329,
      468,
      313,
      318,
      375,
      401,
      466,
      336,
      339,
      405,
      329,
      362,
      330,
      344,
      329,
      371
    ],
    "completion_tokens": [
      113,
      115,
      67,
      63,
      74,
      74,
      73,
      54,
      53,
      60,
      76,
      80,
      60,
      47,
      95,
      76,
      53,
      80,
      82,
      89,
      115,
      53,
      108,
      47,
      78,
      91,
      55,
      56,
      76,
      102,
      93,
      59,
      49,
      63,
      64,
      67,
      46,
      55,
      44,
      71,
      49,
      71,
      117,
      55,
      90,
      92,
      60,
      62,
      73,
      102,
      85,
      56,
      67,
      122,
      82,
      124,
      59,
      80,
      83,
      59,
      83,
      61,
      64,
      53,
      90,
      66,
      103,
      84,
      95,
      71,
      85,
      85,
      60,
      86,
      83,
      70,
      82,
      46,
      64,
      54,
      59,
      124,
      70,
      46,
      55,
      68,
      45,
      60,
      91,
      84,
      125,
      63,
      54,
      53,
      44,
      97,
      2,
      63,
      46,
      53
    ],
    "loops": [
      1,
      1,
      1,
      1,
      1,
      1,
      1,
      1,
      1,
      1,
      1,
      1,
      1,
      1,
      1,
      1,
      1,
      1,
      1,
      1,
      1,
      1,
      1,
      1,
      1,
      1,
      1,
      1,
      1,
      1,
      1,
      1,
      1,
      1,
      1,
      1,
      1,
      1,
      1,
      1,
      1,
      1,
      1,
      1,
      1,
      1,
      1,
      1,
      1,
      1,
      1,
      1,
      1,
      1,
      1,
      1,
      1,
      1,
      1,
      1,
      1,
      1,
      1,
      1,
      1,
      1,
      1,
      1,
      1,
      1,
      1,
      1,
      1,
      1,
      1,
      1,
      1,
      1,
      1,
      1,
      1,
      1,
      1,
      1,
      1,
      1,
      1,
      1,
      1,
      1,
      1,
      1,
      1,
      1,
      1,
      1,
      1,
      1,
      1,
      1
    ],
    "next_stage": {
      "generate_solutions": 1
    }
  },
  "generate_solutions": {
    "stage_gap": [
      72.56174087524414,
      31.01634979248047,
      28.585433959960938,
      44.361114501953125,
      108.12854766845703,
      29.299259185791016,
      34.71088409423828,
      149.28340911865234,
      29.81281280517578,
      30.844926834106445,
      132.98654556274414,
      32.84430503845215,
      40.08316993713379,
      33.484458923339844,
      92.92483329772949,
      144.00768280029297,
      36.110877990722656,
      37.20283508300781,
      37.334442138671875,
      438.77220153808594,
      32.212257385253906,
      30.368328094482422,
      255.68437576293945,
      28.191804885864258,
      31.63290023803711,
      31.539201736450195,
      29.29854393005371,
      29.438257217407227,
      44.344186782836914,
      57.36565589904785,
      62.404632568359375,
      55.0532341003418,
      81.59327507019043,
      96.86732292175293,
      30.911684036254883,
      30.407190322875977,
      39.80827331542969,
      31.998634338378906,
      133.41832160949707,
      33.61034393310547,
      34.529924392700195,
      214.8604393005371,
      46.59914970397949,
      48.24638366699219,
      212.74423599243164
    ],
    "parallelism": [
      3,
      3,
      3,
      3,
      3,
      3,
      3,
      3,
      3,
      3,
      3,
      3,
      3,
      3,
      3,
      3,
      3,
      3,
      3,
      3,
      3,
      3,
      3,
      3,
      3,
      3,
      3,
      3,
      3,
      3,
      3,
      3,
      3,
      3,
      3,
      3,
      3,
      3,
      3,
      3,
      3,
      3,
      3,
      3,
      3,
      3,
      3,
      3,
      3,
      3,
      3,
      3,
      3,
      3,
      3,
      3,
      3,
      3,
      3,
      3,
      3,
      3,
      3,
      3,
      3,
      3,
      3,
      3,
      3,
      3,
      3,
      3,
      3,
      3,
      3,
      3,
      3,
      3,
      3,
      3,
      3,
      3,
      3,
      3,
      3,
      3,
      3,
      3,
      3,
      3,
      3,
      3,
      3,
      3,
      3,
      3,
      3,
      3,
      3,
      3
    ],