{
  "extract_claims": {
    "stage_gap": [
      0.0057220458984375,
      0.012636184692382812,
      0.009775161743164062,
      0.0054836273193359375,
      0.0069141387939453125,
      0.012159347534179688,
      0.0035762786865234375,
      0.00858306884765625,
      0.0069141387939453125,
      0.0095367431640625,
      0.010728836059570312,
      0.00762939453125,
      0.0050067901611328125,
      0.007152557373046875,
      0.0069141387939453125,
      0.0057220458984375,
      0.005245208740234375,
      0.010967254638671875,
      0.00858306884765625,
      0.008344650268554688,
      0.01239776611328125,
      0.0064373016357421875,
      0.03933906555175781,
      0.006198883056640625,
      0.01049041748046875,
      0.0045299530029296875,
      0.005245208740234375,
      0.012159347534179688,
      0.010728836059570312,
      0.0064373016357421875,
      0.013589859008789062,
      0.0069141387939453125,
      0.0040531158447265625,
      0.008106231689453125,
      0.011920928955078125,
      0.00667572021484375,
      0.0059604644775390625,
      0.003814697265625,
      0.006198883056640625,
      0.007152557373046875,
      0.0064373016357421875,
      0.0030994415283203125,
      0.01621246337890625,
      0.01621246337890625,
      0.01049041748046875,
      0.007152557373046875,
      0.0069141387939453125,
      0.01811981201171875,
      0.02574920654296875,
      0.0247955322265625,
      0.0064373016357421875,
      0.0073909759521484375,
      0.025987625122070312
    ],
    "parallelism": [
      1,
      1,
      1,
      1,
      1,
      1,
      1,
      1,
      1,
      1,
      1,
      1,
      1,
      1,
      1,
      1,
      1,
      1,
      1,
      1,
      1,
      1,
      1,
      1,
      1,
      1,
      1,
      1,
      1,
      1,
      1,
      1,
      1,
      1,
      1,
      1,
      1,
      1,
      1,
      1,
      1,
      1,
      1,
      1,
      1,
      1,
      1,
      1,
      1,
      1,
      1,
      1,
      1,
      1,
      1,
      1,
      1,
      1,
      1,
      1,
      1,
      1,
      1,
      1,
      1,
      1,
      1,
      1,
      1,
      1,
      1,
      1,
      1,
      1,
      1,
      1,
      1,
      1,
      1,
      1,
      1,
      1,
      1,
      1,
      1,
      1,
      1,
      1,
      1,
      1,
      1,
      1,
      1,
      1,
      1,
      1,
      1,
      1,
      1,
      1
    ],
    "prompt_tokens": [
      922,
      762,
      840,
      731,
      838,
      884,
      819,
      895,
      851,
      754,
      822,
      740,
      813,
      853,
      829,
      846,
      845,
      784,
      922,
      943,
      845,
      795,
      813,
      764,
      1011,
      854,
      799,
      1011,
      754,
      734,
      957,
      746,
      726,
      943,
      840,
      821,
      859,
      851,
      746,
      770,
      770,
      1007,
      816,
      782,
      821,
      813,
      795,
      784,
      800,
      856,
      801,
      877,
      840,
      1007,
      770,
      766,
      731,
      741,
      772,
      821,
      943,
      877,
      775,
      1000,
      854,
      784,
      762,
      746,
      826,
      813,
      721,
      922,
      721,
      775,
      777,
      817,
      902,
      884,
      858,
      777,
      767,
      796,
      726,
      833,
      894,
      799,
      728,
      878,
      1000,
      767,
      833,
      746,
      774,
      1007,
      828,
      846,
      828,
      802,
      1113,
      858
    ],
    "completion_tokens": [
      24,
      58,
      89,
      52,
      94,
      73,
      73,
      34,
      71,
      81,
      85,
      69,
      77,
      97,
      97,
      102,
      146,
      109,
      24,
      155,
      146,
      92,
      77,
      24,
      250,
      123,
      73,
      250,
      26,
      73,
      286,
      73,
      74,
      155,
      89,
      120,
      82,
      71,
      73,
      67,
      67,
      71,
      136,
      116,
      74,
      73,
      92,
      72,
      100,
      132,
      118,
      64,
      89,
      71,
      67,
      71,
      52,
      48,
      65,
      120,
      155,
      64,
      72,
      215,
      123,
      72,
      58,
      73,
      72,
      77,
      75,
      24,
      75,
      72,
      75,
      120,
      156,
      73,
      120,
      75,
      37,
      52,
      74,
      71,
      118,
      73,
      38,
      150,
      215,
      37,
      71,
      73,
      73,
      71,
      95,
      102,
      95,
      106,
      315,
      120
    ],
    "loops": [
      1,
      1,
      1,
      1,
      1,
      1,
      1,
      1,
      1,
      1,
      1,
      1,
      1,
      1,
      1,
      1,
      1,
      1,
      1,
      1,
      1,
      1,
      1,
      1,
      1,
      1,
      1,
      1,
      1,
      1,
      1,
      1,
      1,
      1,
      1,
      1,
      1,
      1,
      1,
      1,
      1,
      1,
      1,
      1,
      1,
      1,
      1,
      1,
      1,
      1,
      1,
      1,
      1,
      1,
      1,
      1,
      1,
      1,
      1,
      1,
      1,
      1,
      1,
      1,
      1,
      1,
      1,
      1,
      1,
      1,
      1,
      1,
      1,
      1,
      1,
      1,
      1,
      1,
      1,
      1,
      1,
      1,
      1,
      1,
      1,
      1,
      1,
      1,
      1,
      1,
      1,
      1,
      1,
      1,
      1,
      1,
      1,
      1,
      1,
      1
    ],
    "next_stage": {
      "generate_queries": 1
    }
  },
  "generate_queries": {
    "stage_gap": [
      35.16221046447754,
      35.67981719970703,
      48.42686653137207,
      24.05238151550293,
      39.273738861083984,
      151.06558799743652,
      74.30291175842285,
      165.7881736755371,
      67.46792793273926,
      81.84194564819336,
      71.16246223449707,
      30.7314395904541,
      34.009695053100586,
      30.91263771057129,
      134.83881950378418,
      89.35999870300293,
      98.69074821472168,
      28.50508689880371,
      138.5204792022705,
      116.17827415466309,
      28.305530548095703,
      75.54817199707031,
      31.674623489379883,
      32.17339515686035,
      31.34465217590332,
      30.914783477783203,
      30.66849708557129,
      29.937267303466797,
      33.37669372558594,
      31.45456314086914,
      32.8521728515625,
      30.655622482299805,
      252.1510124206543,
      30.69019317626953,
      30.072450637817383,
      34.406185150146484,
      32.11402893066406,
      720.6113338470459,
      32.607316970825195,
      103.33919525146484,
      79.62942123413086,
      85.07513999938965,
      203.6426067352295,
      102.75053977966309,
      74.46646690368652,
      31.063556671142578,
      47.814130783081055,
      43.88761520385742,
      119.22073364257812,
      81.43067359924316,
      40.352821350097656,
      55.925846099853516,
      239.51339721679688
    ],
    "parallelism": [
      1,
      2,
      2,
      2,
      3,
      2,
      2,
      1,
      3,
      3,
      3,
      2,
      2,
      4,
      3,
      3,
      4,
      3,
      1,
      6,
      4,
      3,
      2,
      1,
      6,
      3,
      2,
      6,
      1,
      2,
      7,
      2,
      2,
      6,
      2,
      3,
      3,
      3,
      2,
      3,
      3,
      2,
      3,
      3,
      3,
      2,
      3,
      2,
      3,
      3,
      3,
      2,
      2,
      2,
      3,
      2,
      2,
      2,
      2,
      3,
      6,
      2,
      2,
      5,
      3,
      2,
      2,
      2,
      3,
      2,
      2,
      1,
      2,
      2,
      2,
      4,
      4,
      2,
      3,
      2,
      1,
      2,
      2,
      2,
      3,
      2,
      1,
      4,
      5,
      1,
      2,
      2,
      2,
      2,
      3,
      3,
      3,
      3,
      9,
      3
    ],