{
  "extract_claims": {
    "stage_gap": [
      0.0069141387939453125,
      0.0050067901611328125,
      0.0030994415283203125,
      0.009298324584960938,
      0.0050067901611328125,
      0.009059906005859375,
      0.010967254638671875,
      0.0050067901611328125,
      0.011920928955078125,
      0.0069141387939453125,
      0.010728836059570312,
      0.0045299530029296875,
      0.008106231689453125,
      0.008344650268554688,
      0.007867813110351562,
      0.0035762786865234375,
      0.0059604644775390625,
      0.009298324584960938,
      0.0040531158447265625,
      0.00762939453125,
      0.0095367431640625,
      0.010967254638671875,
      0.00286102294921875,
      0.007867813110351562,
      0.007867813110351562,
      0.0064373016357421875,
      0.009059906005859375,
      0.0045299530029296875,
      0.007152557373046875,
      0.007867813110351562,
      0.0059604644775390625,
      0.016450881958007812,
      0.0059604644775390625,
      0.006198883056640625,
      0.008344650268554688,
      0.00667572021484375,
      0.011205673217773438,
      0.00476837158203125,
      0.009059906005859375,
      0.007152557373046875,
      0.007152557373046875,
      0.0054836273193359375,
      0.0069141387939453125,
      0.0064373016357421875,
      0.0095367431640625,
      0.008344650268554688,
      0.006198883056640625,
      0.018596649169921875,
      0.015497207641601562,
      0.013113021850585938,
      0.010013580322265625,
      0.019073486328125,
      0.003337860107421875,
      0.0059604644775390625,
      0.011920928955078125,
      0.03814697265625,
      0.0045299530029296875,
      0.007867813110351562
    ],
    "parallelism": [
      1,
      1,
      1,
      1,
      1,
      1,
      1,
      1,
      1,
      1,
      1,
      1,
      1,
      1,
      1,
      1,
      1,
      1,
      1,
      1,
      1,
      1,
      1,
      1,
      1,
      1,
      1,
      1,
      1,
      1,
      1,
      1,
      1,
      1,
      1,
      1,
      1,
      1,
      1,
      1,
      1,
      1,
      1,
      1,
      1,
      1,
      1,
      1,
      1,
      1,
      1,
      1,
      1,
      1,
      1,
      1,
      1,
      1,
      1,
      1,
      1,
      1,
      1,
      1,
      1,
      1,
      1,
      1,
      1,
      1,
      1,
      1,
      1,
      1,
      1,
      1,
      1,
      1,
      1,
      1,
      1,
      1,
      1,
      1,
      1,
      1
    ],
    "prompt_tokens": [
      728,
      709,
      864,
      891,
      748,
      712,
      719,
      791,
      814,
      729,
      719,
      711,
      709,
      704,
      754,
      719,
      699,
      697,
      695,
      693,
      704,
      806,
      712,
      699,
      706,
      685,
      726,
      694,
      685,
      700,
      701,
      717,
      700,
      721,
      703,
      697,
      739,
      681,
      682,
      711,
      709,
      689,
      699,
      738,
      693,
      693,
      694,
      710,
      727,
      742,
      740,
      676,
      719,
      715,
      709,
      721,
      683,
      712,
      688,
      749,
      697,
      703,
      685,
      732,
      700,
      697,
      700,
      718,
      717,
      737,
      719,
      712,
      724,
      714,
      693,
      695,
      685,
      738,
      700,
      699,
      727,
      756,
      711,
      714,
      730,
      742,
      697,
      702,
      708,
      727,
      696,
      701,
      724,
      712,
      700,
      682,
      703,
      719,
      712,
      698
    ],
    "completion_tokens": [
      39,
      63,
      104,
      55,
      135,
      90,
      128,
      239,
      177,
      59,
      60,
      43,
      77,
      90,
      45,
      51,
      55,
      46,
      43,
      54,
      68,
      328,
      55,
      53,
      60,
      17,
      130,
      45,
      24,
      69,
      66,
      81,
      63,
      69,
      71,
      43,
      191,
      25,
      21,
      97,
      68,
      31,
      79,
      93,
      51,
      59,
      45,
      66,
      111,
      112,
      140,
      20,
      113,
      138,
      62,
      77,
      22,
      75,
      20,
      122,
      47,
      50,
      28,
      79,
      85,
      47,
      78,
      75,
      59,
      138,
      50,
      85,
      83,
      82,
      40,
      91,
      24,
      93,
      85,
      51,
      90,
      134,
      132,
      105,
      109,
      112,
      36,
      51,
      32,
      90,
      49,
      66,
      99,
      69,
      65,
      21,
      77,
      113,
      75,
      79
    ],
    "loops": [
      1,
      1,
      1,
      1,
      1,
      1,
      1,
      1,
      1,
      1,
      1,
      1,
      1,
      1,
      1,
      1,
      1,
      1,
      1,
      1,
      1,
      1,
      1,
      1,
      1,
      1,
      1,
      1,
      1,
      1,
      1,
      1,
      1,
      1,
      1,
      1,
      1,
      1,
      1,
      1,
      1,
      1,
      1,
      1,
      1,
      1,
      1,
      1,
      1,
      1,
      1,
      1,
      1,
      1,
      1,
      1,
      1,
      1,
      1,
      1,
      1,
      1,
      1,
      1,
      1,
      1,
      1,
      1,
      1,
      1,
      1,
      1,
      1,
      1,
      1,
      1,
      1,
      1,
      1,
      1,
      1,
      1,
      1,
      1,
      1,
      1
    ],
    "next_stage": {
      "generate_queries": 1
    }
  },
  "generate_queries": {
    "stage_gap": [
      39.148569107055664,
      31.843185424804688,
      22.619247436523438,
      23.113727569580078,
      93.98603439331055,
      29.275894165039062,
      26.198625564575195,
      27.437448501586914,
      57.28745460510254,
      143.8462734222412,
      58.67433547973633,
      31.72159194946289,
      30.950546264648438,
      31.85749053955078,
      62.44254112243652,
      30.98464012145996,
      142.99774169921875,
      136.3527774810791,
      58.7618350982666,
      193.22919845581055,
      336.3955020904541,
      60.6074333190918,
      79.35166358947754,
      57.52873420715332,
      34.18231010437012,
      33.29133987426758,
      202.61502265930176,
      30.27629852294922,
      33.32233428955078,
      257.5721740722656,
      29.607772827148438,
      32.13238716125488,
      33.6301326751709,
      125.68020820617676,
      38.31887245178223,
      55.5264949798584,
      33.269405364990234,
      23.93651008605957,
      130.95974922180176,
      30.293703079223633,
      116.81723594665527,
      29.879331588745117,
      222.4295139312744,
      35.04776954650879,
      31.02421760559082,
      64.86201286315918,
      56.81324005126953,
      41.08572006225586,
      60.6234073638916,
      34.2249870300293,
      31.79645538330078,
      43.401479721069336,
      117.20681190490723,
      29.019594192504883,
      57.64460563659668,
      211.8525505065918,
      43.33686828613281,
      54.7330379486084
    ],
    "parallelism": [
      9,
      5,
      2,
      2,
      11,
      13,
      13,
      3,
      2,
      2,
      5,
      9,
      3,
      4,
      3,
      3,
      2,
      2,
      2,
      2,
      3,
      13,
      3,
      4,
      4,
      1,
      6,
      2,
      1,
      3,
      3,
      5,
      3,
      3,
      3,
      3,
      9,
      1,
      1,
      4,
      3,
      1,
      4,
      5,
      2,
      3,
      2,
      2,
      5,
      5,
      5,
      1,
      7,
      6,
      4,
      4,
      1,
      3,
      1,
      4,
      3,
      3,
      1,
      5,
      4,
      3,
      3,
      3,
      3,
      6,
      2,
      3,
      5,
      3,
      2,
      4,
      1,
      5,
      4,
      2,
      3,
      5,
      5,
      5,
      4,
      5,
      2,
      2,
      2,
      3,
      2,
      3,
      6,
      3,
      3,
      1,
      3,
      7,
      3,
      3
    ],