{
  "generate_summary": {
    "stage_gap": [
      0.006198883056640625,
      0.0054836273193359375,
      0.0324249267578125,
      0.02574920654296875,
      0.004291534423828125,
      0.0054836273193359375,
      0.0057220458984375,
      0.0054836273193359375,
      0.0057220458984375,
      0.0035762786865234375,
      0.0069141387939453125,
      0.0069141387939453125,
      0.004291534423828125,
      0.009775161743164062,
      0.0054836273193359375,
      0.00762939453125,
      0.0040531158447265625,
      0.0069141387939453125,
      0.008106231689453125,
      0.0064373016357421875,
      0.004291534423828125,
      0.00858306884765625,
      0.0064373016357421875,
      0.0050067901611328125,
      0.0054836273193359375,
      0.0064373016357421875,
      0.007152557373046875,
      0.00476837158203125,
      0.0059604644775390625,
      0.0040531158447265625,
      0.003814697265625,
      0.004291534423828125,
      0.011682510375976562,
      0.00667572021484375,
      0.0050067901611328125,
      0.019073486328125,
      0.00858306884765625,
      0.004291534423828125,
      0.003337860107421875,
      0.008821487426757812,
      0.007867813110351562
    ],
    "parallelism": [
      20,
      11,
      22,
      29,
      30,
      30,
      10,
      44,
      11,
      21,
      33,
      29,
      30,
      10,
      19,
      44,
      21,
      33,
      7,
      25,
      29,
      19,
      44,
      14,
      21,
      10,
      22,
      18,
      27,
      10,
      7,
      19,
      25,
      19,
      33,
      15,
      28,
      18,
      21,
      7,
      33,
      11,
      15,
      36,
      12,
      21,
      19,
      22,
      23,
      33,
      19,
      7,
      11,
      19,
      7,
      7,
      25,
      19,
      22,
      7,
      12,
      25,
      22,
      30,
      21,
      19,
      25,
      22,
      27,
      33,
      18,
      21,
      19,
      10,
      12,
      30,
      29,
      19,
      43,
      11,
      10,
      19,
      25,
      12,
      15,
      25,
      20,
      21,
      18,
      10,
      11,
      19,
      25,
      18,
      14,
      21,
      27,
      11,
      24,
      10
    ],
    "prompt_tokens": [
      628,
      625,
      317,
      653,
      634,
      648,
      636,
      227,
      463,
      481,
      337,
      272,
      468,
      485,
      312,
      403,
      470,
      97,
      507,
      322,
      385,
      442,
      495,
      350,
      469,
      338,
      248,
      459,
      470,
      459,
      363,
      475,
      549,
      567,
      470,
      477,
      579,
      390,
      513,
      289,
      595,
      444,
      460,
      479,
      455,
      508,
      59,
      296,
      593,
      245,
      332,
      580,
      263,
      288,
      526,
      563,
      291,
      557,
      585,
      588,
      565,
      580,
      561,
      628,
      431,
      639,
      546,
      575,
      555,
      432,
      486,
      366,
      260,
      421,
      543,
      455,
      439,
      523,
      353,
      528,
      408,
      465,
      428,
      593,
      507,
      504,
      575,
      524,
      485,
      528,
      563,
      585,
      588,
      561,
      431,
      580,
      639,
      565,
      557,
      543
    ],
    "completion_tokens": [
      640,
      615,
      100,
      348,
      551,
      539,
      225,
      136,
      122,
      241,
      169,
      117,
      234,
      241,
      199,
      249,
      234,
      60,
      521,
      144,
      224,
      261,
      112,
      280,
      232,
      170,
      163,
      199,
      156,
      176,
      151,
      195,
      173,
      116,
      158,
      151,
      189,
      211,
      86,
      144,
      155,
      150,
      110,
      124,
      124,
      203,
      40,
      128,
      170,
      145,
      104,
      206,
      163,
      150,
      222,
      180,
      139,
      251,
      172,
      147,
      243,
      206,
      171,
      187,
      203,
      146,
      156,
      144,
      222,
      151,
      159,
      161,
      57,
      109,
      162,
      128,
      159,
      139,
      126,
      162,
      177,
      189,
      139,
      247,
      95,
      91,
      149,
      140,
      126,
      136,
      207,
      167,
      194,
      192,
      203,
      216,
      153,
      243,
      250,
      169
    ],
    "loops": [
      1,
      1,
      1,
      1,
      1,
      1,
      1,
      1,
      1,
      1,
      1,
      1,
      1,
      1,
      1,
      1,
      1,
      1,
      1,
      1,
      1,
      1,
      1,
      1,
      1,
      1,
      1,
      1,
      1,
      1,
      1,
      1,
      1,
      1,
      1,
      1,
      1,
      1,
      1,
      1,
      1,
      1,
      1,
      1,
      1,
      1,
      1,
      1,
      1,
      1,
      1,
      1,
      1,
      1,
      1,
      1,
      1,
      1,
      1,
      1,
      1,
      1,
      1,
      1,
      1,
      1,
      1,
      1,
      1,
      1,
      1,
      1,
      1,
      1,
      1,
      1,
      1,
      1,
      1,
      1,
      1,
      1,
      1,
      1,
      1,
      1,
      1,
      1,
      1,
      1,
      1,
      1,
      1,
      1,
      1,
      1,
      1,
      1,
      1,
      1
    ],
    "next_stage": {
      "collapse_summaries": 0.8632478632478633,
      "generate_final_summary": 0.13675213675213677
    }
  },
  "collapse_summaries": {
    "stage_gap": [
      30.688762664794922,
      133.06427001953125,
      61.97381019592285,
      151.2777805328369,
      41.394710540771484,
      38.6652946472168,
      84.75995063781738,
      136.77978515625,
      248.06523323059082,
      276.89266204833984,
      115.9358024597168,
      55.43637275695801,
      75.0112533569336,
      56.74576759338379,
      134.54508781433105,
      1114.0518188476562,
      40.91835021972656,
      69.20504570007324,
      30.18951416015625,
      45.052289962768555,
      247.34163284301758,
      102.59079933166504,
      468.9950942993164,
      32.218217849731445,
      39.86358642578125,
      45.87149620056152,
      33.31351280212402,
      114.61353302001953,
      244.02737617492676,
      35.45832633972168,
      249.21250343322754,
      40.55595397949219,
      34.058570861816406,
      202.20422744750977,
      37.29367256164551,
      35.307884216308594,
      81.84146881103516,
      30.030250549316406,
      103.39808464050293,
      52.54673957824707,
      399.60598945617676,
      116.56045913696289,
      34.93094444274902
    ],
    "parallelism": [
      3,
      2,
      3,
      2,
      2,
      3,
      2,
      2,
      3,
      2,
      2,
      3,
      2,
      5,
      2,
      2,
      2,
      4,
      4,
      3,
      2,
      2,
      5,
      2,
      2,
      4,
      3,
      4,
      2,
      5,
      2,
      2,
      3,
      2,
      2,
      3,
      2,
      3,
      3,
      3,
      2,
      2,
      2,
      4,
      2,
      2,
      4,
      2,
      2,
      2,
      3,
      2,
      2,
      4,
      3,
      2,
      2,
      4,
      2,
      2,
      3,
      2,
      3,
      2,
      3,
      2,
      2,
      3,
      3,
      3,
      4,
      2,
      3,
      2,
      2,
      3,
      2,
      2,
      5,
      2,
      2,
      4,
      2,
      2,
      2,
      2,
      2,
      2,
      2,
      2,
      4,
      2,
      2,
      4,
      3,
      2,
      3,
      2,
      2,
      2
    ],